Pressure, Adham, E, 2
Pressure, Adham, E1, 59
Pressure, Adham, E2, 59
Pressure, Adham, K1, 1
Pressure, Adham, K2, 1
Pressure, Adham, R, 1
Pressure, Adham, a, 59
Pressure, Adham, a1, 1
Pressure, Adham, a2, 1
Pressure, Adham, c, 1
Pressure, Adham, e, 64
Pressure, Adham, h, 2
Pressure, Adham, i1, 62
Pressure, Adham, i2, 62
Pressure, Adham, l, 2
Pressure, Adham, m, 61
Pressure, Adham, n, 2
Pressure, Adham, o, 1
Pressure, Adham, p, 1
Pressure, Adham, r, 61
Pressure, Adham, s, 3
Pressure, Adham, u, 1
Pressure, David, 0, 40
Pressure, David, 1, 40
Pressure, David, 2, 40
Pressure, David, 3, 40
Pressure, David, 41, 40
Pressure, David, 42, 40
Pressure, David, E1, 20
Pressure, David, E2, 20
Pressure, David, E3, 20
Pressure, David, a, 40
Pressure, David, e, 20
Pressure, David, i1, 20
Pressure, David, i2, 20
Pressure, David, m, 20
Pressure, David, r, 40
Pressure, Maria Theresa, 0, 2
Pressure, Maria Theresa, 1, 4
Pressure, Maria Theresa, 2, 2
Pressure, Maria Theresa, 3, 2
Pressure, Maria Theresa, 41, 2
Pressure, Maria Theresa, 42, 2
Pressure, Maria Theresa, 5, 2
Pressure, Maria Theresa, 6, 2
Pressure, Maria Theresa, 71, 2
Pressure, Maria Theresa, 72, 2
Pressure, Maria Theresa, 8, 2
Pressure, Maria Theresa, 9, 2
Pressure, Minnie, ., 2
Pressure, Minnie, 0, 13
Pressure, Minnie, 1, 14
Pressure, Minnie, 2, 11
Pressure, Minnie, 3, 11
Pressure, Minnie, 41, 10
Pressure, Minnie, 42, 10
Pressure, Minnie, 5, 9
Pressure, Minnie, 51, 1
Pressure, Minnie, 52, 1
Pressure, Minnie, 6, 10
Pressure, Minnie, 71, 11
Pressure, Minnie, 72, 11
Pressure, Minnie, 8, 11
Pressure, Minnie, 9, 10
Pressure, Minnie, E1, 8
Pressure, Minnie, E2, 8
Pressure, Minnie, E3, 8
Pressure, Minnie, K1, 22
Pressure, Minnie, K2, 22
Pressure, Minnie, S, 24
Pressure, Minnie, a, 18
Pressure, Minnie, e, 76
Pressure, Minnie, i1, 14
Pressure, Minnie, i2, 14
Pressure, Minnie, m, 26
Pressure, Minnie, n, 12
Pressure, Minnie, p, 6
Pressure, Minnie, r, 30
Pressure, Minnie, z, 22
